hostName,dhost,remarks,src,peerHost,ruleName,shost,act,app,deviceDirection,image,fill,stroke,dst,refs,url,child
cybersamurai.co,10,"[""Domain: vultrusercontent.com""]",1,dns.opendns.com,DNS response resolves to dead IP address,dns.opendns.com,"[""not blocked""]",DNS Response,"[""not blocked""] DNS Response inbound",https://cdn2.iconfinder.com/data/icons/flat-pack-1/64/Computer-512.png,default,#82b366,10.com,,,
cybersamurai.co,20,,1,dns.opendns.com,DNS response resolves to dead IP address,dns.opendns.com,"[""not blocked""]",DNS Response,"[""not blocked""] DNS Response inbound",https://cdn2.iconfinder.com/data/icons/flat-pack-1/64/Computer-512.png,default,#82b366,20.com,,,
cybersamurai.co,200,,20,dns.opendns.com,DNS response resolves to dead IP address,dns.opendns.com,"[""not blocked""]",DNS Response,"[""not blocked""] DNS Response inbound",https://cdn2.iconfinder.com/data/icons/flat-pack-1/64/Computer-512.png,default,#82b366,200.com,,,
cybersamurai.co,1000,,200,dns.opendns.com,DNS response resolves to dead IP address,dns.opendns.com,"[""not blocked""]",DNS Response,"[""not blocked""] DNS Response inbound",https://cdn2.iconfinder.com/data/icons/flat-pack-1/64/Computer-512.png,default,#82b366,1000.com,,,
cybersamurai.co,3000,,200,dns.opendns.com,DNS response resolves to dead IP address,dns.opendns.com,"[""not blocked""]",DNS Response,"[""not blocked""] DNS Response inbound",https://cdn2.iconfinder.com/data/icons/flat-pack-1/64/Computer-512.png,default,#82b366,3000.com,,,
