hostName,dhost,remarks,src,peerHost,ruleName,shost,act,app,deviceDirection,dst
cybersamurai.co,10,"[""Domain: vultrusercontent.com""]",1,dns.opendns.com,DNS response resolves to dead IP address,dns.opendns.com,"[""not blocked""]",DNS Response,"[""not blocked""] DNS Response inbound",10.com
cybersamurai.co,20,,1,dns.opendns.com,DNS response resolves to dead IP address,dns.opendns.com,"[""not blocked""]",DNS Response,"[""not blocked""] DNS Response inbound",20.com
cybersamurai.co,200,,20,dns.opendns.com,DNS response resolves to dead IP address,dns.opendns.com,"[""not blocked""]",DNS Response,"[""not blocked""] DNS Response inbound",200.com
cybersamurai.co,1000,,200,dns.opendns.com,DNS response resolves to dead IP address,dns.opendns.com,"[""not blocked""]",DNS Response,"[""not blocked""] DNS Response inbound",1000.com
cybersamurai.co,3000,,200,dns.opendns.com,DNS response resolves to dead IP address,dns.opendns.com,"[""not blocked""]",DNS Response,"[""not blocked""] DNS Response inbound",3000.com
